timestamp,signal_id,value,quality,source
2026-07-10T04:37:18.000Z,VF2.MCC_01.V_01.MAIN_BUS_VOLTAGE,-0.002881806591558567,GOOD,vf2-sim-01
2026-07-10T04:37:18.000Z,VF2.MCC_01.A_01.MAIN_BUS_CURRENT,-0.0034580720066303863,GOOD,vf2-sim-01
2026-07-10T04:37:18.000Z,VF2.MCC_01.V_01.MAIN_BUS_VOLTAGE,-0.0050793057569962306,GOOD,vf2-sim-01
2026-07-10T04:37:18.000Z,VF2.MCC_01.A_01.MAIN_BUS_CURRENT,0.01061618321541318,GOOD,vf2-sim-01
2026-07-10T04:37:18.000Z,VF2.MCC_01.V_01.MAIN_BUS_VOLTAGE,-0.00758027837508401,GOOD,vf2-sim-01
2026-07-10T04:37:18.000Z,VF2.MCC_01.A_01.MAIN_BUS_CURRENT,-0.0194370469035601,GOOD,vf2-sim-01
2026-07-10T04:37:18.000Z,VF2.MCC_01.V_01.MAIN_BUS_VOLTAGE,-0.0008581087099788645,GOOD,vf2-sim-01
2026-07-10T04:37:18.000Z,VF2.MCC_01.A_01.MAIN_BUS_CURRENT,-0.024589426004467865,GOOD,vf2-sim-01
2026-07-10T04:37:18.000Z,VF2.MCC_01.V_01.MAIN_BUS_VOLTAGE,-0.005188701305782976,GOOD,vf2-sim-01
2026-07-10T04:37:18.000Z,VF2.MCC_01.A_01.MAIN_BUS_CURRENT,-0.022025836010406086,GOOD,vf2-sim-01
2026-07-10T04:37:18.000Z,VF2.MCC_01.V_01.MAIN_BUS_VOLTAGE,-0.000490859554590729,GOOD,vf2-sim-01
2026-07-10T04:37:18.000Z,VF2.MCC_01.A_01.MAIN_BUS_CURRENT,0.0014655960816808353,GOOD,vf2-sim-01
2026-07-10T04:37:18.000Z,VF2.MCC_01.V_01.MAIN_BUS_VOLTAGE,0.012646779176928557,GOOD,vf2-sim-01
2026-07-10T04:37:18.000Z,VF2.MCC_01.A_01.MAIN_BUS_CURRENT,0.003661083669740666,GOOD,vf2-sim-01
2026-07-10T04:37:18.000Z,VF2.MCC_01.V_01.MAIN_BUS_VOLTAGE,-0.00224612066173714,GOOD,vf2-sim-01
2026-07-10T04:37:18.000Z,VF2.MCC_01.A_01.MAIN_BUS_CURRENT,-0.016668774516711084,GOOD,vf2-sim-01
2026-07-10T04:37:18.000Z,VF2.MCC_01.V_01.MAIN_BUS_VOLTAGE,0.002703184449104271,GOOD,vf2-sim-01
2026-07-10T04:37:18.000Z,VF2.MCC_01.A_01.MAIN_BUS_CURRENT,0.00971952977253699,GOOD,vf2-sim-01
2026-07-10T04:37:18.000Z,VF2.MCC_01.V_01.MAIN_BUS_VOLTAGE,0.0035092898826809063,GOOD,vf2-sim-01
2026-07-10T04:37:18.000Z,VF2.MCC_01.A_01.MAIN_BUS_CURRENT,0.007495868599395935,GOOD,vf2-sim-01
2026-07-10T04:37:18.000Z,VF2.MCC_01.V_01.MAIN_BUS_VOLTAGE,0.014109721391871484,GOOD,vf2-sim-01
2026-07-10T04:37:18.000Z,VF2.MCC_01.A_01.MAIN_BUS_CURRENT,-0.021649996046771584,GOOD,vf2-sim-01
2026-07-10T04:37:18.000Z,VF2.MCC_01.V_01.MAIN_BUS_VOLTAGE,0.007723077835061572,GOOD,vf2-sim-01
2026-07-10T04:37:18.000Z,VF2.MCC_01.A_01.MAIN_BUS_CURRENT,-0.011626245434433373,GOOD,vf2-sim-01
2026-07-10T04:37:18.000Z,VF2.MCC_01.V_01.MAIN_BUS_VOLTAGE,0.02511393476429989,GOOD,vf2-sim-01
2026-07-10T04:37:18.000Z,VF2.MCC_01.A_01.MAIN_BUS_CURRENT,-0.016322576433191748,GOOD,vf2-sim-01
2026-07-10T04:37:18.000Z,VF2.MCC_01.V_01.MAIN_BUS_VOLTAGE,0.0323947925904151,GOOD,vf2-sim-01
2026-07-10T04:37:18.000Z,VF2.MCC_01.A_01.MAIN_BUS_CURRENT,-0.011195081682291542,GOOD,vf2-sim-01
2026-07-10T04:37:18.000Z,VF2.MCC_01.V_01.MAIN_BUS_VOLTAGE,0.04771738083858379,GOOD,vf2-sim-01
2026-07-10T04:37:18.000Z,VF2.MCC_01.A_01.MAIN_BUS_CURRENT,-0.03334757515043208,GOOD,vf2-sim-01
2026-07-10T04:37:18.000Z,VF2.MCC_01.V_01.MAIN_BUS_VOLTAGE,0.058605220781905665,GOOD,vf2-sim-01
2026-07-10T04:37:18.000Z,VF2.MCC_01.A_01.MAIN_BUS_CURRENT,-0.06330450723343056,GOOD,vf2-sim-01
2026-07-10T04:37:18.000Z,VF2.MCC_01.V_01.MAIN_BUS_VOLTAGE,0.005620260129709571,GOOD,vf2-sim-01
2026-07-10T04:37:18.000Z,VF2.MCC_01.A_01.MAIN_BUS_CURRENT,-0.0748092767250863,GOOD,vf2-sim-01
2026-07-10T04:37:18.000Z,VF2.MCC_01.V_01.MAIN_BUS_VOLTAGE,-0.012752143398507422,GOOD,vf2-sim-01
2026-07-10T04:37:18.000Z,VF2.MCC_01.A_01.MAIN_BUS_CURRENT,-0.056540939096707314,GOOD,vf2-sim-01
2026-07-10T04:37:18.000Z,VF2.MCC_01.V_01.MAIN_BUS_VOLTAGE,0.0006606960277355505,GOOD,vf2-sim-01
2026-07-10T04:37:18.000Z,VF2.MCC_01.A_01.MAIN_BUS_CURRENT,-0.08035702453165415,GOOD,vf2-sim-01
2026-07-10T04:37:18.000Z,VF2.MCC_01.V_01.MAIN_BUS_VOLTAGE,0.017601317534418202,GOOD,vf2-sim-01
2026-07-10T04:37:18.000Z,VF2.MCC_01.A_01.MAIN_BUS_CURRENT,-0.0995975107711846,GOOD,vf2-sim-01
2026-07-10T04:37:18.000Z,VF2.MCC_01.V_01.MAIN_BUS_VOLTAGE,0.015700427432348337,GOOD,vf2-sim-01
2026-07-10T04:37:18.000Z,VF2.MCC_01.A_01.MAIN_BUS_CURRENT,-0.1044795312226034,GOOD,vf2-sim-01
2026-07-10T04:37:18.000Z,VF2.MCC_01.V_01.MAIN_BUS_VOLTAGE,0.017831820307243278,GOOD,vf2-sim-01
2026-07-10T04:37:18.000Z,VF2.MCC_01.A_01.MAIN_BUS_CURRENT,-0.08706200967950202,GOOD,vf2-sim-01
2026-07-10T04:37:18.000Z,VF2.MCC_01.V_01.MAIN_BUS_VOLTAGE,0.030421777920019717,GOOD,vf2-sim-01
2026-07-10T04:37:18.000Z,VF2.MCC_01.A_01.MAIN_BUS_CURRENT,-0.07919368754532283,GOOD,vf2-sim-01
2026-07-10T04:37:18.000Z,VF2.MCC_01.V_01.MAIN_BUS_VOLTAGE,0.04311652209694549,GOOD,vf2-sim-01
2026-07-10T04:37:18.000Z,VF2.MCC_01.A_01.MAIN_BUS_CURRENT,-0.06883190991686723,GOOD,vf2-sim-01
2026-07-10T04:37:18.000Z,VF2.MCC_01.V_01.MAIN_BUS_VOLTAGE,0.030145647571584038,GOOD,vf2-sim-01
2026-07-10T04:37:18.000Z,VF2.MCC_01.A_01.MAIN_BUS_CURRENT,-0.08249101269403011,GOOD,vf2-sim-01
2026-07-10T04:37:18.000Z,VF2.MCC_01.V_01.MAIN_BUS_VOLTAGE,0.02044482561314792,GOOD,vf2-sim-01
2026-07-10T04:37:18.000Z,VF2.MCC_01.A_01.MAIN_BUS_CURRENT,-0.07167957455755418,GOOD,vf2-sim-01
2026-07-10T04:37:18.000Z,VF2.MCC_01.V_01.MAIN_BUS_VOLTAGE,0.015238065937068758,GOOD,vf2-sim-01
2026-07-10T04:37:18.000Z,VF2.MCC_01.A_01.MAIN_BUS_CURRENT,-0.024247694362367678,GOOD,vf2-sim-01
2026-07-10T04:37:18.000Z,VF2.MCC_01.V_01.MAIN_BUS_VOLTAGE,-0.0013001655660318003,GOOD,vf2-sim-01
2026-07-10T04:37:18.000Z,VF2.MCC_01.A_01.MAIN_BUS_CURRENT,-0.04598270941678717,GOOD,vf2-sim-01
2026-07-10T04:37:18.000Z,VF2.MCC_01.V_01.MAIN_BUS_VOLTAGE,0.014082306399022446,GOOD,vf2-sim-01
2026-07-10T04:37:18.000Z,VF2.MCC_01.A_01.MAIN_BUS_CURRENT,-0.01708588269574999,GOOD,vf2-sim-01
2026-07-10T04:37:18.000Z,VF2.MCC_01.V_01.MAIN_BUS_VOLTAGE,0.024055337151817423,GOOD,vf2-sim-01
2026-07-10T04:37:18.000Z,VF2.MCC_01.A_01.MAIN_BUS_CURRENT,-0.00019867694943902225,GOOD,vf2-sim-01
2026-07-10T04:37:18.000Z,VF2.MCC_01.V_01.MAIN_BUS_VOLTAGE,0.05234168332914249,GOOD,vf2-sim-01
2026-07-10T04:37:18.000Z,VF2.MCC_01.A_01.MAIN_BUS_CURRENT,-0.00207723970027071,GOOD,vf2-sim-01
2026-07-10T04:37:18.000Z,VF2.MCC_01.V_01.MAIN_BUS_VOLTAGE,0.023359087833071522,GOOD,vf2-sim-01
2026-07-10T04:37:18.000Z,VF2.MCC_01.A_01.MAIN_BUS_CURRENT,-0.012697998269642255,GOOD,vf2-sim-01
2026-07-10T04:37:18.000Z,VF2.MCC_01.V_01.MAIN_BUS_VOLTAGE,0.042183412101072335,GOOD,vf2-sim-01
2026-07-10T04:37:18.000Z,VF2.MCC_01.A_01.MAIN_BUS_CURRENT,-0.0414445864085116,GOOD,vf2-sim-01
2026-07-10T04:37:18.000Z,VF2.MCC_01.V_01.MAIN_BUS_VOLTAGE,0.04243220439580684,GOOD,vf2-sim-01
2026-07-10T04:37:18.000Z,VF2.MCC_01.A_01.MAIN_BUS_CURRENT,-0.035965393357585244,GOOD,vf2-sim-01
2026-07-10T04:37:18.000Z,VF2.MCC_01.V_01.MAIN_BUS_VOLTAGE,0.035696039055575356,GOOD,vf2-sim-01
2026-07-10T04:37:18.000Z,VF2.MCC_01.A_01.MAIN_BUS_CURRENT,-0.02113309969664746,GOOD,vf2-sim-01
2026-07-10T04:37:18.000Z,VF2.MCC_01.V_01.MAIN_BUS_VOLTAGE,0.04695467349555093,GOOD,vf2-sim-01
2026-07-10T04:37:18.000Z,VF2.MCC_01.A_01.MAIN_BUS_CURRENT,0.025506401638333637,GOOD,vf2-sim-01
2026-07-10T04:37:18.000Z,VF2.MCC_01.V_01.MAIN_BUS_VOLTAGE,0.05888448211605813,GOOD,vf2-sim-01
2026-07-10T04:37:18.000Z,VF2.MCC_01.A_01.MAIN_BUS_CURRENT,0.013063268449089059,GOOD,vf2-sim-01
2026-07-10T04:37:18.000Z,VF2.MCC_01.V_01.MAIN_BUS_VOLTAGE,0.04705968544821694,GOOD,vf2-sim-01
2026-07-10T04:37:18.000Z,VF2.MCC_01.A_01.MAIN_BUS_CURRENT,-0.003698986260241963,GOOD,vf2-sim-01
2026-07-10T04:37:18.000Z,VF2.MCC_01.V_01.MAIN_BUS_VOLTAGE,0.06563455979005119,GOOD,vf2-sim-01
2026-07-10T04:37:18.000Z,VF2.MCC_01.A_01.MAIN_BUS_CURRENT,-0.014998653093913563,GOOD,vf2-sim-01
2026-07-10T04:37:18.000Z,VF2.MCC_01.V_01.MAIN_BUS_VOLTAGE,0.06357299871813872,GOOD,vf2-sim-01
2026-07-10T04:37:18.000Z,VF2.MCC_01.A_01.MAIN_BUS_CURRENT,0.0001373858228190753,GOOD,vf2-sim-01
2026-07-10T04:37:18.000Z,VF2.MCC_01.V_01.MAIN_BUS_VOLTAGE,0.0484680089179292,GOOD,vf2-sim-01
2026-07-10T04:37:18.000Z,VF2.MCC_01.A_01.MAIN_BUS_CURRENT,-0.005737147307763486,GOOD,vf2-sim-01
2026-07-10T04:37:18.000Z,VF2.MCC_01.V_01.MAIN_BUS_VOLTAGE,0.01115760351667159,GOOD,vf2-sim-01
2026-07-10T04:37:18.000Z,VF2.MCC_01.A_01.MAIN_BUS_CURRENT,-0.02732934821546012,GOOD,vf2-sim-01
2026-07-10T04:37:18.000Z,VF2.MCC_01.V_01.MAIN_BUS_VOLTAGE,-0.00030870076233212133,GOOD,vf2-sim-01
2026-07-10T04:37:18.000Z,VF2.MCC_01.A_01.MAIN_BUS_CURRENT,-0.018740834962972085,GOOD,vf2-sim-01
2026-07-10T04:37:18.000Z,VF2.MCC_01.V_01.MAIN_BUS_VOLTAGE,0.023564251694157143,GOOD,vf2-sim-01
2026-07-10T04:37:18.000Z,VF2.MCC_01.A_01.MAIN_BUS_CURRENT,-0.018922762876616598,GOOD,vf2-sim-01
2026-07-10T04:37:18.000Z,VF2.MCC_01.V_01.MAIN_BUS_VOLTAGE,0.028555894761211627,GOOD,vf2-sim-01
2026-07-10T04:37:18.000Z,VF2.MCC_01.A_01.MAIN_BUS_CURRENT,-0.015374147876905789,GOOD,vf2-sim-01
2026-07-10T04:37:18.000Z,VF2.MCC_01.V_01.MAIN_BUS_VOLTAGE,0.04996515808267159,GOOD,vf2-sim-01
2026-07-10T04:37:18.000Z,VF2.MCC_01.A_01.MAIN_BUS_CURRENT,0.002646697576627402,GOOD,vf2-sim-01
2026-07-10T04:37:18.000Z,VF2.MCC_01.V_01.MAIN_BUS_VOLTAGE,0.05493937280999572,GOOD,vf2-sim-01
2026-07-10T04:37:18.000Z,VF2.MCC_01.A_01.MAIN_BUS_CURRENT,-0.017598655468045107,GOOD,vf2-sim-01
2026-07-10T04:37:18.000Z,VF2.MCC_01.V_01.MAIN_BUS_VOLTAGE,0.07245768536878766,GOOD,vf2-sim-01
2026-07-10T04:37:18.000Z,VF2.MCC_01.A_01.MAIN_BUS_CURRENT,-0.009801726354249612,GOOD,vf2-sim-01
2026-07-10T04:37:18.000Z,VF2.MCC_01.V_01.MAIN_BUS_VOLTAGE,0.09627193950938419,GOOD,vf2-sim-01
2026-07-10T04:37:18.000Z,VF2.MCC_01.A_01.MAIN_BUS_CURRENT,-0.010301840944331385,GOOD,vf2-sim-01
2026-07-10T04:37:18.000Z,VF2.MCC_01.V_01.MAIN_BUS_VOLTAGE,0.13437123860396727,GOOD,vf2-sim-01
2026-07-10T04:37:18.000Z,VF2.MCC_01.A_01.MAIN_BUS_CURRENT,-0.017376349341324523,GOOD,vf2-sim-01
2026-07-10T04:37:18.000Z,VF2.MCC_01.V_01.MAIN_BUS_VOLTAGE,0.16488873450318847,GOOD,vf2-sim-01
2026-07-10T04:37:18.000Z,VF2.MCC_01.A_01.MAIN_BUS_CURRENT,-0.014900206395766622,GOOD,vf2-sim-01
2026-07-10T04:37:18.000Z,VF2.MCC_01.V_01.MAIN_BUS_VOLTAGE,0.15291446697324654,GOOD,vf2-sim-01
2026-07-10T04:37:18.000Z,VF2.MCC_01.A_01.MAIN_BUS_CURRENT,-0.03732016178765686,GOOD,vf2-sim-01
2026-07-10T04:37:18.000Z,VF2.MCC_01.V_01.MAIN_BUS_VOLTAGE,0.14836471127273734,GOOD,vf2-sim-01
2026-07-10T04:37:18.000Z,VF2.MCC_01.A_01.MAIN_BUS_CURRENT,-0.008480539646436611,GOOD,vf2-sim-01
2026-07-10T04:37:18.000Z,VF2.MCC_01.V_01.MAIN_BUS_VOLTAGE,0.16320855409230453,GOOD,vf2-sim-01
2026-07-10T04:37:18.000Z,VF2.MCC_01.A_01.MAIN_BUS_CURRENT,0.005381943035347817,GOOD,vf2-sim-01
2026-07-10T04:37:18.000Z,VF2.MCC_01.V_01.MAIN_BUS_VOLTAGE,0.11405901708955753,GOOD,vf2-sim-01
2026-07-10T04:37:18.000Z,VF2.MCC_01.A_01.MAIN_BUS_CURRENT,0.01954740769639511,GOOD,vf2-sim-01
2026-07-10T04:37:18.000Z,VF2.MCC_01.V_01.MAIN_BUS_VOLTAGE,0.12403547513705879,GOOD,vf2-sim-01
2026-07-10T04:37:18.000Z,VF2.MCC_01.A_01.MAIN_BUS_CURRENT,0.008353407931324617,GOOD,vf2-sim-01
2026-07-10T04:37:18.000Z,VF2.MCC_01.V_01.MAIN_BUS_VOLTAGE,0.11024743306208028,GOOD,vf2-sim-01
2026-07-10T04:37:18.000Z,VF2.MCC_01.A_01.MAIN_BUS_CURRENT,0.008223664815739749,GOOD,vf2-sim-01
2026-07-10T04:37:18.000Z,VF2.MCC_01.V_01.MAIN_BUS_VOLTAGE,0.1436424839944341,GOOD,vf2-sim-01
2026-07-10T04:37:18.000Z,VF2.MCC_01.A_01.MAIN_BUS_CURRENT,-0.01296058582086414,GOOD,vf2-sim-01
2026-07-10T04:37:18.000Z,VF2.MCC_01.V_01.MAIN_BUS_VOLTAGE,0.13364995845976407,GOOD,vf2-sim-01
2026-07-10T04:37:18.000Z,VF2.MCC_01.A_01.MAIN_BUS_CURRENT,0.01440471504435618,GOOD,vf2-sim-01
2026-07-10T04:37:18.000Z,VF2.MCC_01.V_01.MAIN_BUS_VOLTAGE,0.12339044288661143,GOOD,vf2-sim-01
2026-07-10T04:37:18.000Z,VF2.MCC_01.A_01.MAIN_BUS_CURRENT,0.006975638376693816,GOOD,vf2-sim-01
